filename,title,description,feature,topic,role,level
metadata.md,,,,,,
./help/TOC.md,,,,,,
./help/target-home.md,Where can I find Target documentation?,"Learn how to use Adobe Target to personalize your customers’ experience to maximize revenue on your web and mobile sites, apps, and other digital channels.",Overview,,,
help/r-release-notes/target-announcements.md,Where Can I find Target Announcements and Events?,"Read announcements and sign up for Adobe Target events, including Skill Builder sessions, developer and product manager chats, webinars, and more.",Release Notes,,,
./help/r-release-notes/release-notes.md,What New Features Are Included in the current Release?,"Learn about the new features, enhancements, and fixes included in the current release of Adobe Target, including SDKs, APIs, and JavaScript libraries.",Release Notes,,,
./help/r-release-notes/target-release-notes.md,What New Features Are Included in the Upcoming Release?,"Learn about the new features, enhancements, and fixes included in the upcoming release of Adobe Target, including SDKs, APIs, and JavaScript libraries.",Release Notes,,,
help/r-release-notes/target-documentation.md,Where can I find documentation for Target?,"Access Adobe Target documentation, including online help, tutorials, videos, and developer documentation (SDKs, APIs, and JavaScript libraries).",Release Notes,,,
help/r-release-notes/target-insider-newsletter.md,What is the Adobe Target Insider Newsletter?,"Read the latest news about Adobe Target. Find information about upcoming events, customer success stories, information and tips from the experts, and more.","Release Notes, Overview",,,
./help/r-release-notes/known-issues-resolved-issues.md,Where Can I Find Information About Known Issues and Resolved Issues?,"Find information about known issues in Adobe Target, including workaround information. When issues are resolved, they are moved to the Resolved section.",Release Notes,,,
./help/r-release-notes/system-status-updates.md,Where Can I view the status of Target and other Adobe Products?,View the current status of Adobe Target to help you determine whether problems you might encounter are due to system updates or routine maintenance.,Release Notes,,,
./help/r-release-notes/doc-change.md,Where Can I View Documentation Updates for Target?,Keep up to date with important additions and changes to the Adobe Target product documentation.,Release Notes,,,
./help/r-release-notes/release-notes-for-previous-releases.md,What Features Are Included in Previous Releases?,"View a list of features, enhancements, and fixes included in previous releases of Adobe Target.",Release Notes,,,
./help/c-intro/intro.md,What is Target?,Learn the basics of Adobe Target Standard and Adobe Target Premium. Target Premium includes advanced features not available in standard product.,Overview,,,
./help/c-intro/target-access-from-mac.md,How Do I Access Target From the Adobe Experience Cloud?,"Learn how to access Target from the Adobe Experience Cloud, set your default view, and change the language of the Target UI and documentation.",Overview,,,
./help/c-intro/target-key-concepts.md,How do I use Target?,"Learn the basics of Adobe Target. This is a good place to become acquainted with Target, its activity types, and other features.",Overview,,,
help/c-intro/understand-the-target-ui.md,How Do I Use the Target UI?,Familiarize yourself with the user interface and find links to more in-depth information to help you get the most out of Target.,Overview,,,
help/c-intro/target-welcome-kit.md,How Do I Get Started with Target,New to Adobe Target? Get a jump-start with the Adobe Target Welcome Kit.,Overview,,,
help/c-intro/target-welcome-kit-1.md,How Do I Get Started with Target?,Kick start your optimization and personalization program with Adobe Target. The Adobe Target Welcome Kit is a good starting place.,Overview,,,
help/c-intro/target-welcome-kit-2.md,Where Can I Find a High-level Introduction to Target?,"Take a high-level look at Adobe Target. Learn about available activities, channels, implementation, integrations, and more.",Overview,,,
help/c-intro/target-welcome-kit-3.md,How Can I Develop My Testing and Personalization Ideas?,Learn six steps that outline a proven process for improving your testing and personalization ideas before creating activities in Adobe Target.,Overview,,,
help/c-intro/target-welcome-kit-4.md,Where Can I Find Tips and Tricks for Using Target?,Read tips from our panel of experts about using Adobe Target as part of your testing and personalization efforts.,Overview,,,
help/c-intro/target-welcome-kit-5.md,Where Can I Find Inspiration for My Testing and Personalization Efforts?,Where can I find ideas and inspiration for my testing and personalization activities using Adobe Target.,Overview,,,
help/c-intro/target-welcome-kit-6.md,What are Common Mistakes When Using Target and How Can I Avoid Them?,Learn from others' mistakes so that you don't make the same ones when using Adobe Target as part of your testing and personalization strategy.,Overview,,,
help/c-intro/target-welcome-kit-7.md,I Need to Create My Fist Activity in Target. Where Do I Start?,Let's get started with your first activity in Adobe Target so you can obtain ROI on your investment.,Overview,,,
help/c-intro/target-welcome-kit-8.md,How Can I Share the Results of My Target Actities with My Organization?,Ust the Executive Summary Results template to help you communicate your successes with your Adobe Target activities.,Overview,,,
help/c-intro/target-welcome-kit-9.md,Where Can I Find Additional Resources to More Effectively Use Target?,"You've create your first activity in Adobe Target. What's next? Use this article to find links to additional resouces, training tutorials, and how-to videos.",Overview,,,
./help/c-intro/glossary.md,Where Can I Find Terms and Definitions Used in Target?,What do different terms used in Adobe Target mean? Find definitions of common terms to help you get more out Target.,Overview,,,
./help/c-intro/how-target-works.md,How Does Target Work?,"Learn about how Adobe Target works, including information about the Target JavaScript libraries (at.js and AEP Web SDK), Adobe data centers, and SEO testing.",Overview,,,
./help/c-intro/training-and-certification.md,Where Can I Find Training and Certification classes?,Find Adobe Target classes and certifications offered by Adobe Training Services.,Overview,,,
./help/c-intro/target-standard-premium-training-videos.md,Where Can I Find Target Training Videos?,Watch training videos to help you get the most out of Target Standard and Target Premium.,Overview,,,
./help/c-intro/cmp-target-standard-cheatsheet.md,Where Can I Find Answers to My Optimization and Personalization Questions?,"Explore a list of frequently asked questions about using the features in Adobe Target, along with information and links for more information.",Overview,,,
./help/administrating-target/administrating-target.md,How Do I Administer Target?,"Set up Adobe Target, including preferences, implementation, user management, properties, Scene7 configuration, host management, and response tokens.",Administration & Configuration,,,
./help/administrating-target/start-target.md,Where Do I Get Started Administering Target?,Perform the first tasks Adobe Target administrators should take after receiving the emailed invitation to the Adobe Experience Cloud.,Administration & Configuration,,,
help/administrating-target/visual-experience-composer-set-up.md,How Do I Configure the Visual Experience Composer (VEC)?,"Learn how to configure the Adobe Target Visual Experience Composer (VEC) by specifying its general settings, mobile viewport configuration, and CSS selectors.",Administration & Configuration,,,
help/administrating-target/reporting.md,How Do I Configure Reporting in Target?,"Use Target or Adobe Analytics as the reporting source, specify the default time zone and currency format, add IP addresses to exclude from reporting, and more.",Administration & Configuration,,,
help/administrating-target/r-target-account-preferences/estimating-lift-in-revenue.md,What Do I Estimate Lift in Revenue?,"Estimate the lift you might achieve if every visitor sees the winning experience, if the trends continue as they have during the test.",Administration & Configuration,,,
./help/administrating-target/scene7-settings.md,How Do I Configure the Dynamic Media Classic (Scene7) Integration?,Learn how to integrate Adobe Target with Adobe Dynamic Media Classic (formerly Scene7) to provide Digital Asset Management (DAM) in the Content Library.,Administration & Configuration,,,
help/administrating-target/implementation.md,How Do Implement Target on My Site?,"Learn how to  implement Adobe Target on your site. Set your global settings, implementation method (AEP Web SDK or at.js), and more.",Administration & Configuration,,,
./help/administrating-target/hosts.md,What are Hosts and How Do I Use Them?,Learn how to organize your websites and pre-production environments for easy management and separated reporting in Adobe Target.,Administration & Configuration,,,
help/administrating-target/environments.md,What are Environments and How Do I Use Them?,Learn how to use environments in Adobe Target to organize your sites and pre-production environments for easy management and separated reporting.,Administration & Configuration,,,
./help/administrating-target/response-tokens.md,What are Response Tokens and How Do I Use Them?,Learn how to use response tokens in Adobe Target output specific information to use in debugging and integrating with 3rd-party systems (such as Clicktale).,Administration & Configuration,,,
./help/administrating-target/c-user-management/user-management.md,How Do I Configure User Management?,Learn how to manage users in Adobe Target Standard and manage enterprise properties and permissions in Adobe Target Premium.,Administration & Configuration,,,
./help/administrating-target/c-user-management/c-user-management/user-management.md,How Do I Add Users and Manage Permissions?,Learn how to use the Adobe Admin Console to manage users and their permissions and right in Adobe Target.,Administration & Configuration,,,
./help/administrating-target/c-user-management/c-user-management/troubleshooting-user-management.md,How Can I Troubleshoot Problems with User Management?,Troubleshooting information about managing users in Adobe Target.,Administration & Configuration,,,
./help/administrating-target/c-user-management/property-channel/property-channel.md,What Are Enterprise User Permissions and How Do I Use Them?,"Learn how to create separate workspaces (product profiles) and then assign users different roles and permissions for individual pages, properties, or web sites.",Administration & Configuration,,,
./help/administrating-target/c-user-management/property-channel/properties-overview.md,How Do I Configure Enterprise Permissions?,"Learn how to add users to Adobe Target; create workspaces, user groups, and properties; update your implementation; and specify roles and permissions.",Administration & Configuration,,,
./help/administrating-target/c-user-management/property-channel/configure-adobe-io-integration.md,How Do I Grant Adobe I/O Access to Workspaces and Assign Roles?,Learn how to grant existing Adobe I/O integrations access to all workspaces with the desired role in Adobe Target.,Administration & Configuration,,,
./help/c-implementing-target/implementing-target.md,How Do I Implement Target?,"Understand basic concepts, be familiar with how Target works and integrates with your infrastructure, and understand how visitors are tracked.",Implementation,,,
./help/c-implementing-target/c-considerations-before-you-implement-target/considerations-before-you-implement-target.md,What Should I Know Before Implementing?,Know the considerations you should address before implementing Adobe Target.,Implementation,,,
./help/c-implementing-target/c-considerations-before-you-implement-target/prepare-to-implement-target.md,How Should I Prepare to Implement Target?,Know the considerations you should address before implementing Adobe Target. Complete necessary tasks and gather information when preparing to implement Target.,Implementation,,,
./help/c-implementing-target/c-considerations-before-you-implement-target/c-privacy/privacy.md,How Does Target Handle Privacy Issues?,"Learn how Adobe Target complies with applicable data privacy laws including collection and handling of IP addresses, and opt-out instructions.",Privacy & Security,,,
./help/c-implementing-target/c-considerations-before-you-implement-target/c-privacy/cmp-privacy-and-general-data-protection-regulation.md,How Does Target Handle Privacy and Data Protection Regulations?,"Learn about Target and the European Union General Data Protection Regulation (GDPR), the California Consumer Privacy Act (CCPA), and other privacy requirements.",Privacy & Security,,,
./help/c-implementing-target/c-considerations-before-you-implement-target/c-privacy/cookie-deleting.md,How Do I Delete the Target Cookie?,Learn how to delete your Target browser cookies so that you can validate your experiences.,Privacy & Security,,,
./help/c-implementing-target/c-considerations-before-you-implement-target/c-privacy/google-chrome-samesite-cookie-policies.md,How Does Target Handle Google's Samesite Cookie Policies?,Discover how Adobe Target handles the SameSite IETF standard introduced with Google Chrome version 80 and what you need to do to comply with these policies.,Privacy & Security,,,
help/c-implementing-target/c-considerations-before-you-implement-target/c-privacy/apple-itp-2x.md,How Does Target Handle Apple ITP Support?,Learn about Adobe Target and the impact of the Apple Intelligent Tracking Prevention (ITP) initiative that seeks to protect Safari users' privacy.,Privacy & Security,,,
help/c-implementing-target/c-considerations-before-you-implement-target/c-privacy/content-security-policy.md,How Does Target Handle Content Security Policies (CSP)?,Learn about the Content Security Policy (CSP) directives you should add when using Adobe Target.,Privacy & Security,,,
help/c-implementing-target/c-considerations-before-you-implement-target/allowlist-edges.md,How Do I Allowlist Target Edge Nodes?,View a list of hosts to help you allowlist Adobe Target edges (geographically distributed serving nodes that ensure optimum response times end-users).,Privacy & Security,,,
./help/c-implementing-target/c-considerations-before-you-implement-target/c-methods-to-get-data-into-target/methods-to-get-data-into-target.md,How Do I Get Data into Target?,"Get data into Target (page parameters, profile attributes, script profile attributes, data providers, single and bulk profile update APIs, Customer Attributes).",Implementation,,,
./help/c-implementing-target/c-considerations-before-you-implement-target/c-methods-to-get-data-into-target/profile-api-settings.md,How Do I Use Profile API Settings to Enable or Disable Batch Updates?,Learn how to configure authentication for batch updates via Adobe Target APIs and generate a profile authentication token.,APIs/SDKs,,,
./help/c-implementing-target/c-considerations-before-you-implement-target/target-security-overview.md,How Does Target Handle Security of My Data?,Learn about the procedures Adobe uses to bolster the security of your data and Adobe Target experience. Download the Adobe Target Security Overview white paper.,Privacy & Security,,,
./help/c-implementing-target/c-considerations-before-you-implement-target/supported-browsers.md,What Browsers Does Target Support?,Learn which internet browsers Adobe Target supports for its interface and for content delivery.,Implementation,,,
./help/c-implementing-target/c-considerations-before-you-implement-target/tls-transport-layer-security-encryption.md,How Does Target Use TLS to Provide Security?,Learn how Target uses the TLS (Transport Layer Security) protocol to maintain the highest security standards and promote the safety of your customer data.,Privacy & Security,,,
./help/c-implementing-target/c-considerations-before-you-implement-target/implement-cname-support-in-target.md,How Do I Use CNAME in Target?,Work with Adobe Client Care to implement CNAME (Canonical Name) support in Adobe Target to handle ad-blocking issues or ITP-related cookie policies.,Privacy & Security,,,
help/c-implementing-target/c-implementing-target-for-client-side-web/implement-target-for-client-side-web.md,How Do I Implement Target for Client-Side Web,Learn how to implement Adobe Target for client-side web using the Adobe Experience Platform Web SDK  (AEP Web SDK) or the Target at.js JavaScript library.,at.js,,,
help/c-implementing-target/c-implementing-target-for-client-side-web/aep-web-sdk.md,How Do I Implement with the Experience Platform Web SDK?,Learn how to use the Adobe Experience Platform Web SDK to interact with the various services in the Adobe Experience Cloud through the AEP Edge Network.,AEP Web SDK,,,
./help/c-implementing-target/c-implementing-target-for-client-side-web/c-how-atjs-works/how-atjs-works.md,How Does the at.js Javascript Library Work?,"Learn how the Target at.js JavaScript library functions, including system diagrams to help you understand the workflow as pages load.",at.js,,,
./help/c-implementing-target/c-implementing-target-for-client-side-web/c-how-atjs-works/manage-flicker-with-atjs.md,How does at.js Manage Flicker?,Learn how at.js and Adobe Target prevent flicker (default content momentarily displays before being replaced by activity content) during page or app load.,at.js,,,
./help/c-implementing-target/c-implementing-target-for-client-side-web/c-how-atjs-works/target-atjs-integrations.md,What Integrations Does at.js Support?,"See the integrations supported (and not supported) by Adobe Target at.js, including Analytics for Target (A4T), the Experience Cloud ID Service, and more.",at.js,,,
./help/c-implementing-target/c-implementing-target-for-client-side-web/how-to-deployatjs/how-to-deployatjs.md,How Do I Deploy at.js?,Learn how to deploy the Adobe Target at.js JavaScript library using Adobe Experience Platform Launch or without a tag manager.,Implement Server-side,,,
./help/c-implementing-target/c-implementing-target-for-client-side-web/how-to-deployatjs/cmp-implementing-target-using-adobe-launch.md,How Do I Implement Target using Adobe Launch?,"Learn how to implement the Adobe Target at.js library using Adobe Experience Platform Launch, the preferred method to implement Adobe Target.",Implement Server-side,,,
./help/c-implementing-target/c-implementing-target-for-client-side-web/how-to-deployatjs/implementing-target-without-a-tag-manager.md,Can I Implement Target without a Tag Manager?,"Learn how to specify the settings (account details, implementation methods, etc.) to implement the Adobe Target at.js library without using a tag manager.",Implement Server-side,,,
./help/c-implementing-target/c-implementing-target-for-client-side-web/how-to-deployatjs/implementing-target-using-dynamic-tag-management.md,Can I Implement Target using Dynamic Tag Management (DTM)?,Learn how to implement the Adobe Target at.js library using the legacy Dynamic Tag Management (DTM). Adobe Launch is the preferred method to implement Target.,Implement Server-side,,,
./help/c-implementing-target/c-implementing-target-for-client-side-web/how-to-deployatjs/target-atjs-single-page-application.md,Can I implement Target for Single Page Applications (SPAs)?,Learn how to use Adobe Target at.js 2.x to implement Target for Single Page Applications (SPAs).,Implement Server-side,,,
./help/c-implementing-target/c-implementing-target-for-client-side-web/cmp-atjs-functions.md,What Functions Can I Use with at.js?,View a list of functions that can be used with the 1.x and 2.x versions of the at.js JavaScript library in Adobe Target.,at.js,,,
help/c-implementing-target/c-implementing-target-for-client-side-web/adobe-target-getoffer.md,How Do I Use the adobe.target.getOffer() Function?,Use the adobe.target.getOffer() function and its options for the Adobe Target at.js library to fire requests to get a Target offer.,at.js,,,
help/c-implementing-target/c-implementing-target-for-client-side-web/adobe-target-getoffers-atjs-2.md,How Do I Use the adobe.target.getOffers() Function?,Use the adobe.target.getOffers() function and its options for the Adobe Target at.js library to fire requests to get multiple Target offers. (at.js 2.x),at.js,,,
help/c-implementing-target/c-implementing-target-for-client-side-web/adobe-target-applyoffer.md,How Do I Use the adobe.target.applyOffer() Function?,Use the adobe.target.applyOffer() function for the Adobe Target at.js JavaScript library to apply the response content.,at.js,,,
help/c-implementing-target/c-implementing-target-for-client-side-web/adobe-target-applyoffers-atjs-2.md,How Do I Use the adobe.target.applyOffers()  Function?,Use the adobe.target.applyOffers() function for the Adobe Target at.js JavaScript library to apply multiple offers in the response. (at.js 2.x),at.js,,,
help/c-implementing-target/c-implementing-target-for-client-side-web/adobe-target-triggerview-atjs-2.md,How Do I Use the adobe.target.triggerView() Function?,Use the adobe.target.triggerView() function for the Adobe Target at.js JavaScript library for use in Single Page Applications (SPAs). (at.js 2.x),at.js,,,
help/c-implementing-target/c-implementing-target-for-client-side-web/adobe-target-trackevent.md,How Do I Use the adobe.target.trackEvent() Function?,"Use the adobe.target.trackEvent() function for the Adobe Target at.js JavaScript library to fire a request to report user actions, such as clicks and conversions on your site.",at.js,,,
help/c-implementing-target/c-implementing-target-for-client-side-web/mboxcreate-atjs.md,How Do I Use the mboxCreate() Function?,Use the mboxCreate() function for the Adobe Target at.js JavaScript library to apply offers to the closest DIV with the mboxDefault class name. (at.js 1.x),at.js,,,
help/c-implementing-target/c-implementing-target-for-client-side-web/targetgobalsettings.md,How Do I Use the targetGlobalSettings() Function?,Use the targetGlobalSettings() function for the Adobe Target at.js JavaScript library to override settings instead of using the Target UI or REST APIs.,at.js,,,
help/c-implementing-target/c-implementing-target-for-client-side-web/mboxdefine-mboxupdate-atjs-1x.md,How Do I Use the mboxDefine() And mboxUpdate() Functions?,Use the mboxDefine() and mboxUpdate() functions for the Adobe Target at.js JavaScript library to define or update an mbox. (at.js 1.x),at.js,,,
help/c-implementing-target/c-implementing-target-for-client-side-web/targetpageparams.md,How Do I Use the targetPageParams() Function?,Use the targetPageParams() function for the Adobe Target at.js JavaScript library to attach parameters to the global mbox from outside of the request code.,at.js,,,
help/c-implementing-target/c-implementing-target-for-client-side-web/targetpageparamsall.md,How Do I Use the targetPageParamsAll() Function?,Use the targetPageParamsAll() function for the Adobe Target at.js JavaScript library to attach parameters to all mboxes from outside of the request code.,at.js,,,
help/c-implementing-target/c-implementing-target-for-client-side-web/registerextension-atjs-1x.md,How Do I Use the registerExtension() Function?,Use the registerExtension() function for the Adobe Target at.js JavaScript library to register a specific extension. (at.js 1.x),at.js,,,
help/c-implementing-target/c-implementing-target-for-client-side-web/adobe.target.sendnotifications-atjs-21.md,How Do I Use the adobe.target.sendNotifications() Function?,Use adobe.target.sendNotifications() for at.js to send notifications to the Target edge when an experience is rendered not using applyOffer(s). (at.js.2.1 +),at.js,,,
help/c-implementing-target/c-implementing-target-for-client-side-web/atjs-custom-events.md,How Do I Use at.js Custom Events?,Use custom events for the Adobe Target at.js JavaScript library to be notified when an mbox request or offer fails or succeeds.,at.js,,,
./help/c-implementing-target/c-implementing-target-for-client-side-web/c-target-debugging-atjs/target-debugging-atjs.md,How Do I Debug at.Js with Adobe Experience Cloud Debugger?,"Use the Adobe Experience Cloud Debugger to view your library configuration, examine requests, turn on console logging, disable Target call requests, and more.",at.js,,,
./help/c-implementing-target/c-implementing-target-for-client-side-web/c-target-debugging-atjs/targeting-using-cloud-based-instances.md,Can I Use Target with Cloud-based Instances?,Explore issues (with solutions) customers face when using cloud-based instances to test Adobe Target or for proof-of-concept purposes.,at.js,,,
./help/c-implementing-target/c-implementing-target-for-client-side-web/c-target-atjs-faq/target-atjs-faq.md,What Are Common Questions and Answers About at.js?,Read answers to frequently asked questions about the Adobe Target at.js JavaScript library.,at.js,,,
./help/c-implementing-target/c-implementing-target-for-client-side-web/target-atjs-versions.md,What is Included in Each Version of at.js?,View the details about changes in each version of the Adobe Target at.js JavaScript library.,at.js,,,
./help/c-implementing-target/c-implementing-target-for-client-side-web/upgrading-from-atjs-1x-to-atjs-20.md,How Do I Upgrade from at.js Version 1.x to Version 2.x?,"Learn how to upgrade from Adobe Target at.js 1.x to at.js 2.x. Examine system flow diagrams, learn about new and deprecated functions, and more.",at.js,,,
./help/c-implementing-target/c-implementing-target-for-client-side-web/atjs-cookies.md,at.js Cookies,Details about how Adobe Target at.js 2.x and at.js 1.x handle cookies,at.js,,,
./help/c-implementing-target/c-implementing-target-for-client-side-web/t-mbox-download/mbox-download.md,How Do I Implement Target with mbox.js?,Learn about the legacy mbox.js implementation of Adobe Target. Migrate to the Adobe Experience Platform Web SDK (AEP Web SDK) or to the latest version of at.js.,at.js,,,
./help/c-implementing-target/c-implementing-target-for-client-side-web/t-mbox-download/c-target-atjs-implementation/target-atjs-implementation.md,How Do I Migrate from mbox.js to at.js?,"Learn how to migrate to at.js, the new implementation library for Adobe Target designed for both typical web implementations and Single Page Applications (SPAs).",at.js,,,
./help/c-implementing-target/c-implementing-target-for-client-side-web/t-mbox-download/c-target-atjs-implementation/target-migrate-atjs.md,How to Migrate to at.js from mbox.js,"Learn how to migrate to at.js, the new implementation library for Adobe Target designed for both typical web implementations and Single Page Applications (SPAs).",at.js,,,
./help/c-implementing-target/c-implementing-target-for-client-side-web/t-mbox-download/c-target-atjs-implementation/target-atjs-limitations.md,What Are the Differences Between at.js and mbox.js?,Learn about the legacy mbox.js implementation of Adobe Target. Migrate to the Adobe Experience Platform Web SDK (AEP Web SDK) or to the latest version of at.js.,at.js,,,
./help/c-implementing-target/c-implementing-target-for-client-side-web/t-mbox-download/c-target-atjs-implementation/target-atjs-plugins.md,What Legacy Plug-ins Are Not Supported in Target at.js?,Learn about the legacy mbox.js implementation of Adobe Target. Migrate to the Adobe Experience Platform Web SDK (AEP Web SDK) or to the latest version of at.js.,at.js,,,
./help/c-implementing-target/c-implementing-target-for-client-side-web/t-mbox-download/c-target-atjs-implementation/target-test-atjs.md,How Do I Deploy at.js to a Non-Production Environment?,Learn about the legacy mbox.js implementation of Adobe Target. Migrate to the Adobe Experience Platform Web SDK (AEP Web SDK) or to the latest version of at.js.,at.js,,,
./help/c-implementing-target/c-implementing-target-for-client-side-web/t-mbox-download/mbox-technical.md,What does the Target mbox.js Library Do?,Learn about the legacy mbox.js implementation of Adobe Target. Migrate to the Adobe Experience Platform Web SDK (AEP Web SDK) or to the latest version of at.js.,at.js,,,
./help/c-implementing-target/c-implementing-target-for-client-side-web/t-mbox-download/advanced-mboxjs-settings.md,How Do I Configure the Target mbox.js library?,Learn about the legacy mbox.js implementation of Adobe Target. Migrate to the Adobe Experience Platform Web SDK (AEP Web SDK) or to the latest version of at.js.,at.js,,,
./help/c-implementing-target/c-implementing-target-for-client-side-web/t-mbox-download/target-download-config-mbox.md,How Do I Download the Target mbox.js library?,Learn about the legacy mbox.js implementation of Adobe Target. Migrate to the Adobe Experience Platform Web SDK (AEP Web SDK) or to the latest version of at.js.,at.js,,,
./help/c-implementing-target/c-implementing-target-for-client-side-web/t-mbox-download/call-responses-library-version.md,Which Page Methods Does mbox.js Use?,Learn about the legacy mbox.js implementation of Adobe Target. Migrate to the Adobe Experience Platform Web SDK (AEP Web SDK) or to the latest version of at.js.,at.js,,,
./help/c-implementing-target/c-implementing-target-for-client-side-web/t-mbox-download/orderconfirm-create.md,How Do I Create an Order Confirmation mbox using mbox.js?,Learn about the legacy mbox.js implementation of Adobe Target. Migrate to the Adobe Experience Platform Web SDK (AEP Web SDK) or to the latest version of at.js.,at.js,,,
./help/c-implementing-target/c-implementing-target-for-client-side-web/t-mbox-download/mboxjs-frequently-asked-questions.md,What Are Some Frequently Asked Questions about Target mbox.js?,Learn about the legacy mbox.js implementation of Adobe Target. Migrate to the Adobe Experience Platform Web SDK (AEP Web SDK) or to the latest version of at.js.,at.js,,,
./help/c-implementing-target/c-implementing-target-for-client-side-web/t-mbox-download/mboxjs-functions.md,Which Functions does mbox.js support?,Learn about the legacy mbox.js implementation of Adobe Target. Migrate to the Adobe Experience Platform Web SDK (AEP Web SDK) or to the latest version of at.js.,at.js,,,
./help/c-implementing-target/c-implementing-target-for-client-side-web/t-mbox-download/cookie-behavior.md,Where Can I Find Information About mbox.js Cookies?,Learn about the legacy mbox.js implementation of Adobe Target. Migrate to the Adobe Experience Platform Web SDK (AEP Web SDK) or to the latest version of at.js.,at.js,,,
./help/c-implementing-target/c-implementing-target-for-client-side-web/t-mbox-download/mboxjs-change-log.md,What is Included in Each Version of mbox.js?,Learn about the legacy mbox.js implementation of Adobe Target. Migrate to the Adobe Experience Platform Web SDK (AEP Web SDK) or to the latest version of at.js.,at.js,,,
./help/c-implementing-target/c-implementing-target-for-client-side-web/t-mbox-download/c-understanding-global-mbox/understanding-global-mbox.md,What Is a Global mbox?,"Learn about the global mbox in Adobe Target, a name used to refer to the single server call made at the top of each web page in your Target implementation.",at.js,,,
./help/c-implementing-target/c-implementing-target-for-client-side-web/t-mbox-download/c-understanding-global-mbox/customize-global-mbox.md,How Do I Customize a Global mbox?,Learn how to customize a global mbox for at.js on the Administration-Implementation page in Adobe Target.,at.js,,,
./help/c-implementing-target/c-implementing-target-for-client-side-web/t-mbox-download/c-understanding-global-mbox/mbox-global-target-standard.md,Can I Use a Global mbox from a Legacy Implementation?,Learn how to use a legacy global mbox for your Adobe Target activities if you have already created a global mbox on your pages for your legacy implementations.,at.js,,,
./help/c-implementing-target/c-implementing-target-for-client-side-web/t-mbox-download/c-understanding-global-mbox/pass-parameters-to-global-mbox.md,How Do I Pass Parameters to a Global mbox?,Learn how to use the targetPageParams function to pass additional targeting or context information into the Adobe Target global mbox.,at.js,,,
./help/c-implementing-target/c-implementing-target-for-client-side-web/c-target-atjs-faq/global-mbox-frequently-asked-questions.md,What Are Frequently Asked Questions About the Global mbox?,Read frequently asked questions (FAQs) and answers about Adobe Target global mboxes.,at.js,,,
./help/c-target-mobile-app/target-mobile-app.md,Can I use Target with Mobile Apps?,"Learn how to use Adobe Target for mobile app optimization and personalization, with iterative testing and rules-based and AI-powered personalization.",Implement Mobile,,,
./help/c-target-mobile-app/mobile-how-target-works-mobile-apps.md,How Does Target Work in Mobile Apps?,Learn how to use the Adobe Mobile SDK to show the optimal experiences to your mobile app visitors.,Implement Mobile,,,
./help/c-target-mobile-app/mobile-enable-target-in-sdk.md,How Do I Enable Target in the Adobe Mobile SDK?,Learn how to add the Adobe Mobile Services SDK to your mobile app.,Implement Mobile,,,
./help/c-target-mobile-app/mobile-create-location-and-metric.md,How Do I Create Target Locations and Success Metrics in an iOS app?,View sample code to help you learn how to create locations and success metrics in iOS apps so you can use Adobe Target to personalize and optimize your app.,Implement Mobile,,,
./help/c-target-mobile-app/mobile-custom-user-data.md,How Do I Send Custom User Data in an iOS app?,Learn how to send additional information about the location or the user to Adobe Target as name-value pairs to help you build custom audiences.,Implement Mobile,,,
./help/c-target-mobile-app/mobile-send-activity-information-analytics.md,Can I Send Mobile App Activity Information to Analytics?,Learn how to send Adobe Target mobile app activity information to Adobe Analytics for post Ad Hoc segmentation.,Implement Mobile,,,
./help/c-target-mobile-app/target-mobile-preview.md,How Do I Use the Mobile Preview Link in Target Mobile?,Use mobile preview links to perform end-to-end QA for mobile app activities. You can enroll yourself into different experiences without special test devices.,Implement Mobile,,,
./help/c-target-mobile-app/prefetch-offer-content.md,Can I Prefetch Offer Content for Mobile Apps?,Use the Adobe Target prefetch feature in the iOS and Android Mobile SDKs to fetch offer content as few times as possible by caching the server responses.,Implement Mobile,,,
help/c-target-mobile-app/target-for-mobile-apps-faq.md,What Are Frequently Asked Questions About Target for Mobile Apps?,View frequently asked questions and their answers about Adobe Target for mobile apps.,Implement Mobile,,,
help/c-target-mobile-app/use-location-service.md,How do I Use the Adobe Location Service?,Learn how to use the Adobe Experience Platform Location Service to enable your mobile apps with location awareness.,Implement Mobile,,,
./help/c-implementing-target/c-api-and-sdk-overview/api-and-sdk-overview.md,Where Can I Learn About Target Server-Side Delivery APIs and SDKs?,"Learn about the Adobe Target server-side delivery APIs, SDKs, and Target Recommendations APIs.",Implement Server-side,,,
./help/c-implementing-target/c-api-and-sdk-overview/target-api-documentation.md,How Do I Transition From Legacy APIs to Adobe I/O?,Learn how to transition from the Adobe Target Classic legacy APIs to the new APIs on Adobe I/O.,Implement Server-side,,,
help/c-implementing-target/c-api-and-sdk-overview/on-device-decisioning.md,What is On-Device Decisioning?,Learn how to use on-device decisioning to cache your Target A/B and MVT activities on your server to perform in-memory decisioning at near-zero latency.,Implement Server-side,,,
help/c-implementing-target/hybrid-implementation.md,What Is A Hybrid Target Implementation?,"Learn about Adobe Target's unique hybrid deployment model for personalization, blending client-side and server-side implementations.",Implementation,,,
./help/c-implementing-target/c-non-javascript-based-implementation/non-javascript-based-implementation.md,How Do I Implement Target for Email?,"Learn how to implement Adobe Target in non-JavaScript scenarios, such as using an AdBox or Redirector.",Implement Email,,,
./help/c-implementing-target/c-non-javascript-based-implementation/testing-content-with-the-adbox.md,How Do I Create an Adbox for an Image?,"Use an AdBox to deliver images in an off-site implementation using Adobe Target. An AdBox is like an mbox, but controlled by a URL instead of JavaScript.",Implement Email,,,
./help/c-implementing-target/c-non-javascript-based-implementation/testing-email-image-adbox.md,How Do I Test an Email Image Adbox?,"Learn how to use Adobe Target to dynamically test images in email, and even change those images on the fly when someone opens the email.",Implement Email,,,
./help/c-implementing-target/c-non-javascript-based-implementation/working-with-redirectors.md,How Do I Work with Redirectors?,"Learn how to use Redirectors in email implementations, similarly to how you use an mbox in your Adobe Target activities.",Implement Email,,,
./help/c-integrating-target-with-mac/a4t/a4t.md,What is Analytics for Target (A4T)?,Use Analytics for Target (A4T) to create activities based on Analytics conversion metrics and audience segments and use Analytics reports to examine results.,Analytics for Target (A4T),,,
./help/c-integrating-target-with-mac/a4t/before-implement.md,What Should I Know Before Implementing A4T?,Learn the implementation requirements for Analytics for Target (A4T) and what to consider before you implement this integration.,Analytics for Target (A4T),,,
./help/c-integrating-target-with-mac/a4t/a4timplementation.md,How do I Implement Analytics for Target (A4T)?,Follow the steps required to implement Analytics for Target (A4T) in your Adobe Target and Adobe Analytics solutions.,Analytics for Target (A4T),,,
./help/c-integrating-target-with-mac/a4t/account-reqs.md,Which User Permission Requirements Are Needed for A4T?,Learn how to configure the user account requirements necessary to create an Adobe Analytics-based activity in Adobe Target using Analytics for Target (A4T).,Analytics for Target (A4T),,,
./help/c-integrating-target-with-mac/a4t/campaign-creation.md,How Do I Create an Activity that uses A4T?,Learn how to configure an activity in Adobe Target that uses Adobe Analytics as the reporting source (A4T).,Analytics for Target (A4T),,,
help/c-integrating-target-with-mac/a4t/a4t-at-aa.md,Does A4T Support Auto-Allocate and Auto-Target Activities?,Learn how to create Auto-Allocate and Auto-Target activities in Adobe Target that use Analytics as the reporting source (A4T).,Analytics for Target (A4T),,,
./help/c-integrating-target-with-mac/a4t/analytics-tracking-server.md,How do I Use an Analytics Tracking Server?,Learn how to specify an Analytics tracking server for activities that use Analytics for Target (A4T) if you are using an older version of at.js or mbox.js. ,Analytics for Target (A4T),,,
./help/c-integrating-target-with-mac/a4t/reporting.md,How Do I Use Reporting in A4T?,Learn how to use Analytics for Target (A4T). A4T provides access to Analytics reports for Target activities that use Analytics metrics and audience segments.,Analytics for Target (A4T),,,
./help/c-integrating-target-with-mac/a4t/c-a4t-troubleshooting/a4t-troubleshooting.md,How Do I Troubleshoot the Analytics and Target Integration (A4T),Explore common issues customers have encountered when using Analytics for Target (A4T).,Analytics for Target (A4T),,,
./help/c-integrating-target-with-mac/a4t/c-a4t-troubleshooting/minimizing-inflated-visit-and-visitor-counts-a4t.md,How Do I Minimize Inflated Visit and Visitor Counts in A4T?,"Learn how to minimize the effects of inflated Visit and Visitor counts when using Analytics for Target (A4t). Learn what ""partial data"" is and how to reduce it.",Analytics for Target (A4T),,,
./help/c-integrating-target-with-mac/a4t/r-a4t-faq/a4t-faq-initial-provisioning.md,Where Can I Find Information about A4T Initial Provisioning?,"Find answers to questions that are frequently asked about provisioning Analytics for Target (A4T), which lets you use Analytics reporting for Target activities.",Analytics for Target (A4T),,,
./help/c-integrating-target-with-mac/a4t/r-a4t-faq/a4t-faq-activity-setup.md,Where Can I Find FAQs About Activity Settings with A4T?,Find answers to questions about activity setup when using Analytics for Target (A4T). A4T lets you use Analytics reporting for Target activities.,Analytics for Target (A4T),,,
./help/c-integrating-target-with-mac/a4t/r-a4t-faq/a4t-faq-viewing-reports.md,Find Answers to Questions About Viewing Reports with A4T?,Find answers to questions that are frequently asked about viewing reports when using Analytics for Target (A4T). A4T lets you use Analytics reporting for Target activities.,Analytics for Target (A4T),,,
./help/c-integrating-target-with-mac/a4t/r-a4t-faq/a4t-faq-redirect-offers.md,Where Can I Find FAQs About Redirect Offers with A4T?,Find answers to questions about using redirect offers when using Analytics for Target (A4T). A4T lets you use Analytics reporting for Target activities.,Analytics for Target (A4T),,,
./help/c-integrating-target-with-mac/a4t/r-a4t-faq/a4t-faq-lift-and-confidence.md,Where Can I Find Information about Lift And Confidence with A4T?,Find answers to questions about lift and confidence when using Analytics for Target (A4T). A4T lets you use Analytics reporting for Target activities.,Analytics for Target (A4T),,,
./help/c-integrating-target-with-mac/a4t/r-a4t-faq/a4t-faq-metric-definition.md,Where Can I Find Information About Metric Definitions with A4T?,Find answers to questions about metric definitions and using Analytics for Target (A4T). A4T lets you use Analytics reporting with Adobe Target activities.,Analytics for Target (A4T),,,
./help/c-integrating-target-with-mac/a4t/r-a4t-faq/a4t-faq-inflated-visit-and-visitor-counts.md,Where Can I Find FAQs About Inflated Visit and Visitor Counts with A4T?,"Find answers to questions about inflated visit and visitor counts when using Analytics for Target (A4T). Learn how to minimize ""partial data.""",Analytics for Target (A4T),,,
./help/c-integrating-target-with-mac/a4t/r-a4t-faq/a4t-faq-classifications.md,Where Can I Find Information About Classifications with A4T?,Find answers to questions about classifications and using Analytics for Target (A4T). A4T lets you use Analytics reporting for Target activities.,Analytics for Target (A4T),,,
help/c-target/c-troubleshooting-targets-and-audiences/a4t-faq-sharing-metrics-audiences-reports.md,"Where Can Find FAQs Sharing Metrics, Audiences, and Reports in A4T?","Find FAQs about sharing metrics, audiences, and reports when using Analytics for Target (A4T). A4T lets you use Analytics reporting for Adobe Target activities.",Analytics for Target (A4T),,,
./help/c-integrating-target-with-mac/a4t/r-a4t-faq/a4t-faq-old-integration.md,Where Can I Find FAQs About the Sitecatalyst to Test&Target Integration?,Find answers to questions that are frequently asked about the legacy SiteCatalyst to Test&Target integration and using Analytics for Target (A4T).,Analytics for Target (A4T),,,
./help/c-integrating-target-with-mac/a4t/understanding-expected-data-variances.md,What Is the Expected Data Variance between Analytics and A4T?,"Learn about the expected data variances between Adobe Target and Analytics when not using Analytics for Target (A4T), which eliminates data variance altogether.",Analytics for Target (A4T),,,
./help/c-integrating-target-with-mac/mmp.md,How Do I Use Adobe Experience Cloud Audiences in Target?,Learn how Adobe Experience Cloud Audiences let Experience Cloud solutions communicate and share information about website visitors with other Adobe solutions.,Integrations,,,
help/c-integrating-target-with-mac/audience-manager-target-integration.md,How Do I Integrate Target with Adobe Audience Manager (AAM)?,Learn how to use the Target/Audience Manager integration to send Audience Manager (AAM) segments to Adobe Target.,Integrations,,,
./help/c-integrating-target-with-mac/campaign-and-target.md,How Do I Integrate Target with Adobe Campaign?,Learn how to use Adobe Target with Adobe Campaign to optimize email content.,Integrations,,,
./help/c-integrating-target-with-mac/experience-cloud-device-co-op.md,What is the Adobe Experience Cloud Device Co-Op?,Find information about the Adobe Experience Cloud Device Co-op. Work together to better identify consumers across digital touch points while ensuring privacy and transparency.,Integrations,,,
./help/c-activities/activities.md,How Can I Personalize Content and Test Page Designs with Target?,Learn how activities in Adobe Target let you personalize content to specific audiences and test page designs,Activities,,,
./help/c-activities/target-activities-guide.md,What Activity Types Are Available in Target?,Download an interactive PDF that describes the different activity types in Adobe Target.,Activities,,,
./help/c-activities/t-test-ab/test-ab.md,Which Type of A/B Activities Are Available in Target?,"Learn about the different types of A/B Test activities in Adobe Target: Manual, Auto-Allocate, and Auto-Target. Choose the one that's right for you.",A/B Tests,,,
./help/c-activities/t-test-ab/sample-size-determination.md,How Long Should I Run an A/B Test?,Learn how long to run an A/B test. A successful A/B test in Adobe Target requires an adequate number of visitors (sample size) to improve your conversion rate.,A/B Tests,,,
./help/c-activities/t-test-ab/common-ab-testing-pitfalls.md,How Do I Avoid Common A/B Testing Mistakes?,Learn how to avoid the most common pitfalls and mistakes that companies make when performing A/B testing in Adobe Target and other testing solutions.,A/B Tests,,,
help/c-activities/t-test-ab/aa-testing.md,What is A/A Testing?,"Learn what an A/A test is, why you might want to perform an A/A test, how long you should run the test, and how to interpret the results.",A/B Tests,,,
./help/c-activities/t-test-ab/t-test-create-ab/test-create-ab.md,How Do I Create an A/B Test?,Learn how to use the Visual Experience Composer (VEC) in Adobe Target to create your A/B Test activity directly on a Target-enabled page.,A/B Tests,,,
./help/c-activities/t-test-ab/t-test-create-ab/ab-activity-url.md,What Is the  Activity URL In an A/B Activity?,Learn how to specify the Activity URL that determines the page that is used in the test and that opens when the test is designed using Adobe Target.,A/B Tests,,,
./help/c-activities/t-test-ab/t-test-create-ab/ab-add-experience.md,How Do I Add Experiences in a Target A/B Activity?,Learn how to use the Visual Experience Composer (VEC) in Adobe Target. The VEC provides a visual interface for adding and editing experiences on your page.,A/B Tests,,,
./help/c-activities/t-test-ab/t-test-create-ab/ab-audience.md,How Do I Select an Audience in a Target A/B Activity?,The audience determines which site visitors are entered into your Adobe Target activity.,A/B Tests,,,
./help/c-activities/t-test-ab/t-test-create-ab/ab-goals-and-settings.md,How Do I Specify Goals and Settings in a Target A/B Activity?,Learn how to use the Goals and Settings page in Adobe Target to specify information about the goals of an A/B activity.,A/B Tests,,,
./help/c-activities/t-test-ab/t-test-create-ab/create-a4t.md,How Can I Use Analytics Data in Target?,Learn how to configure an activity in Adobe Target to use Adobe Analytics as the reporting source. This integration is called Analytics for Target (A4T).,Analytics for Target (A4T),,,
./help/c-activities/t-test-ab/t-test-create-ab/ab-set-metrics.md,How Do I Set Goal Metrics in an A/B Activity?,"Learn how to specify metrics in an Adobe Target A/B activity to determine when a visit is successful, such as Conversion, Revenue, and Engagement.",A/B Tests,,,
./help/c-activities/t-test-ab/t-test-create-ab/target-experience-to-multiple-audiences.md,Can I Use Multiple Experience Versions in an A/B activity?,Learn how to target versions of the same experience to different audiences in Adobe Target A/B activities.,A/B Tests,,,
./help/c-activities/automated-traffic-allocation/automated-traffic-allocation.md,What is an Auto-Allocate Activity?,Learn how to use an Auto-Allocate activity in Adobe Target that identifies a winner among two or more experiences and automatically reallocates more traffic to the winner.,Auto-Allocate,,,
help/c-activities/automated-traffic-allocation/create-auto-allocate-activity.md,How Do I Create an Auto-Allocate Activity?,Learn how to use the Visual Experience Composer (VEC) in Adobe Target to create an Auto-Allocate A/B Test activity directly on a Target-enabled page.,Auto-Allocate,,,
./help/c-activities/automated-traffic-allocation/determine-winner.md,How Do I Interpret Auto-Allocate Reports?,"Learn how to interpret the results of an Auto-Allocate A/B activity in Adobe Target by examining important indicators, including lift and confidence.",Auto-Allocate,,,
help/c-activities/automated-traffic-allocation/faster-results-higher-revenue.md,Can Auto-Allocate Activities Get Faster Results and Higher Revenue?,Learn how an Auto Allocate activity in Adobe Target identifies a winner among two or more experiences and automatically reallocates more traffic to the winner.,Auto-Allocate,,,
help/c-activities/auto-target/auto-target-to-optimize.md,What Is an Auto-Target Activity?,Learn how an Auto-Target activity in Target serves the most tailored experience to each visitor based on customer profiles and the behavior of similar visitors.,Auto-Target,,,
help/c-activities/auto-target/create-auto-target.md,How Do I Create an Auto-Target Activity?,Learn how to use the Visual Experience Composer (VEC) in Adobe Target to create your Auto-Target A/B Test activity directly on a Target-enabled page.,Auto-Target,,,
help/c-activities/auto-target/auto-target-troubleshooting-faqs.md,How Can I Troubleshoot Auto-Target Activities?,Explore troubleshooting topics and Frequently Asked Questions about Auto-Target activities in Adobe Target.,Auto-Target,,,
./help/c-activities/t-automated-personalization/automated-personalization.md,What is an Automated Personalization (AP) Activity?,Learn how to use Automated Personalization (AP) activities in Adobe Target that use advanced machine learning to match different offer variations to each visitor.,Automated Personalization,,,
./help/c-activities/t-automated-personalization/algo-random-forest.md,How Does Target Use the Random Forest Algorithm?,Learn how Adobe Target uses the Random Forest algorithm in both Automated Personalization (AP) and Auto-Target activities.,Automated Personalization,,,
./help/c-activities/t-automated-personalization/create-ap-activity.md,How Do I Create an Automated Personalization Activity?,Learn how to create an Automated Personalization (AP) activity in Adobe Target using the Visual Experience Composer (VEC).,Automated Personalization,,,
./help/c-activities/t-automated-personalization/uploading-data-for-the-target-personalization-algorithms.md,How Can I Upload Data for Personalization Algorithms?,"Learn how to upload offline data, such as CRM information, when building personalization models in Adobe Target Automated Personalization (AP) activities.",Automated Personalization,,,
./help/c-activities/t-automated-personalization/ap-data.md,What Data is Collected to Build Personalization Algorithms?,Learn which data Adobe Target collects and uses to build its personalization algorithms in Automated Personalization (AP) and Auto-Target (AT) activities.,Automated Personalization,,,
./help/c-activities/t-automated-personalization/ap-traffic-estimator.md,How Much Traffic Is Needed for an Automated Personalization Activity?,Learn how to use the Traffic Estimator that lets you know if you have sufficient traffic for your Adobe Target Automated Personalization activity to succeed.,Automated Personalization,,,
./help/c-activities/t-automated-personalization/ap-preview-experiences.md,How Can I Preview Automated Personalization Experiences in the VEC?,Learn how to preview each experience in an Automated Personalization (AP) activity in Adobe Target using the Visual Experience Composer (VEC).,Automated Personalization,,,
./help/c-activities/t-automated-personalization/ap-target-offers.md,How Can I Target Automated Personalization Offers?,Learn how to target individual offers to specific audiences by using an Automated Personalization (AP) activity in Adobe Target.,Automated Personalization,,,
./help/c-activities/t-automated-personalization/managing-exclusions.md,How Do I Manage Exclusions in Automated Personalization Activities?,"Manage exclusions in Adobe Target Automated Personalization (AP) activities. Create exclusion groups and exclude duplicate offers, specific experiences, and default content.",Automated Personalization,,,
./help/c-activities/t-automated-personalization/experience-as-control.md,How Can I Use a Specific Experience as Control in an AP Activity?,Learn how to select an experience to be used as control while creating an Automated Personalization (AP) or Auto-Target activity in Adobe Target.,Automated Personalization,,,
./help/c-activities/t-automated-personalization/automated-personalization-faq.md,How Can I Find FAQs about Automated Personalization Activities?,Explore a list of frequently asked questions (FAQs) and answers about Automated Personalization (AP) activities in Adobe Target.,Automated Personalization,,,
./help/c-activities/t-automated-personalization/experience-preview.md,How Can I Use Experience Preview URLS in Automated Personalization Activities?,Learn how to use experience preview URLs for Adobe Target Automated Personalization activities to see experience content directly on your site before the activity is live.,Automated Personalization,,,
./help/c-activities/t-automated-personalization/ap-trouble.md,How Do I Troubleshoot Automated Personalization?,"Explore potential challenges you might face while using Automated Personalization (AP) activities in Adobe Target, along with suggested solutions.",Automated Personalization,,,
./help/c-activities/t-experience-target/experience-target.md,What Is an Experience Targeting (XT) Activity?,Learn how to use Experience Targeting (XT) activities in Adobe Target to deliver content to a specific audience based on a set of marketer-defined rules and criteria.,Experience Targeting,,,
./help/c-activities/t-experience-target/t-xt-create/xt-create.md,How Do I Create an Experience Targeting Activity?,Learn how to use the Visual Experience Composer (VEC) in Adobe Target to create an Experience Targeting (XT) activity on a Target-enabled page.,Experience Targeting,,,
./help/c-activities/t-experience-target/t-xt-create/xt-activity-url.md,What Is the Activity URL In an Experience Targeting (XT) Activity?,Learn how to specify the Activity URL that determines the page that is used in the test and that opens when the Experience Targeting activity is designed using Adobe Target.,Experience Targeting,,,
./help/c-activities/t-experience-target/t-xt-create/xt-add-experience.md,How Do I Create Experiences in an Experience Targeting Activity?,Learn how use the Adobe Target Visual Experience Composer (VEC) to create and edit experiences on your page in an Experience Targeting (XT) activity.,Experience Targeting,,,
./help/c-activities/t-experience-target/t-xt-create/xt-switching-experiences.md,Can Visitors Switch Experiences in an Experience Targeting Activity?,Learn how visitors can switch between experiences in an Adobe Target Experience Targeting (XT) activity as their profiles evolve.,Experience Targeting,,,
./help/c-activities/t-experience-target/t-xt-create/xt-goals-and-settings.md,How Do I Specify Goals and Settings in an Experience Targeting Activity?,Learn how to use the Goals and Settings page in Adobe Target to specify information about the goals of an Experience Targeting (XT) activity.,Experience Targeting,,,
./help/c-activities/t-experience-target/t-xt-create/xt-set-metrics.md,How Do I Set Goal Metrics in an Experience Targeting Activity?,"Learn how to specify metrics in an Adobe Target Experience Targeting activity to determine when a visit is successful, such as Conversion, Revenue, and Engagement.",Experience Targeting,,,
./help/c-activities/c-multivariate-testing/multivariate-testing.md,What is a Multivariate Test?,Learn how to use Multivariate Testing (MVT) in Adobe Target to compare combinations of offers in elements on a page to determine which combination performs the best.,Multivariate Tests,,,
./help/c-activities/c-multivariate-testing/best-practices.md,What Best Practices for Multivariate Tests?,"Learn how to improve performance, avoid issues, and correct known issues that might occur when creating and running Multivariate Test activities in Adobe Target.",Multivariate Tests,,,
./help/c-activities/c-multivariate-testing/plan-mvt.md,How Do I Plan a Multivariate Test?,Learn how to plan a Multivariate Tests in Adobe Target so you can create a successful test.,Multivariate Tests,,,
./help/c-activities/c-multivariate-testing/t-create-multivariate-test/create-multivariate-test.md,How Do I Create a Multivariate Test?,Learn how to use the Visual Experience Composer (VEC) in Adobe Target to create a Multivariate Test (MVT) right on a Target-enabled page.,Multivariate Tests,,,
./help/c-activities/c-multivariate-testing/t-create-multivariate-test/url.md,What Is the Activity URL In an Multivariate (MVT) Activity?,Learn how to specify the Activity URL that determines the page that is used in the test and that opens when the Multivariate Test activity is designed using Adobe Target.,Multivariate Tests,,,
./help/c-activities/c-multivariate-testing/t-create-multivariate-test/add-offers.md,How Do I Create Combinations in Multivariate Tests (MVT)?,Learn how to use the Visual Experience Composer (VEC) in Adobe Target to create the offers you want to include in your Multivariate Test (MVT).,Multivariate Tests,,,
./help/c-activities/c-multivariate-testing/t-create-multivariate-test/preview-experiences.md,How Can I Preview Experiences for a Multivariate Test  (MVT),Learn how to preview each experience in a Multivariate Test (MVT) activity in Adobe Target using the Visual Experience Composer (VEC).,Multivariate Tests,,,
./help/c-activities/c-multivariate-testing/t-create-multivariate-test/traffic-estimator.md,How Much Traffic Is Needed for a Multivariate Test (MVT) Activity?,Learn how to use the Traffic Estimator that lets you know if you have sufficient traffic for your Adobe Target Multivariate Test activity to succeed.,Multivariate Tests,,,
./help/c-activities/c-multivariate-testing/t-create-multivariate-test/test-summary.md,How Can I View a Multivariate Test (MVT) acitivity's Summary?,View a Multivariate Test (MVT) activity's summary that provides a visual overview of your MVT activity in Adobe Target.,Multivariate Tests,,,
./help/c-activities/c-multivariate-testing/t-create-multivariate-test/goals-and-settings.md,How Do I Specify Goals and Settings in a Multivariate Test (MVT) Activity?,Learn how to use the Goals and Settings page in Adobe Target to specify information about the goals of a Multivariate Test (MVT) activity.,Multivariate Tests,,,
./help/c-activities/c-multivariate-testing/t-create-multivariate-test/mvt-set-metrics.md,How Do I Set Goal Metrics in a Multivariate Test (MVT) Activity?,"Learn how to specify metrics in an Adobe Target Multivariate Test activity to determine when a visit is successful, such as Conversion, Revenue, and Engagement.",Multivariate Tests,,,
./help/c-activities/c-multivariate-testing/t-create-multivariate-test/troubleshooting.md,How Do I Troubleshoot Multivariate Tests?,"Explore potential challenges you might face while using Multivariate Test (MVT) activities in Adobe Target, along with suggested solutions.",Multivariate Tests,,,
./help/c-activities/recommendations-activity.md,Where Can I Find Information About Recommendations Activities?,Find information about Recommendations activities in Adobe Target that automatically display products or content that might interest your customers based on previous user activity.,Recommendations,,,
./help/c-activities/edit-activity.md,How Do I Edit an Activity or Save As Draft?,"Learn about the different ways you can edit an existing activity in Adobe Target, including saving an activity in draft form.",Activities,,,
./help/c-activities/priority.md,How Does Target Assign Priority to Different Activities?,Learn how Adobe Target determines which activity (or activities) to deliver to a page differently depending on which Target interface and which activity creation function you're using.,Activities,,,
./help/c-activities/activity-settings.md,How Do I Specify Activity Settings?,"Learn how to use Activity Settings in Adobe Target to manage the objective, priority, and duration of your activities.",Activities,,,
./help/c-activities/r-success-metrics/success-metrics.md,What Are Success Metrics?,"Learn about success metrics in Adobe Target that help you determine the success of an activity. Success metrics include Conversion, Revenue, Page Views, Custom Scoring, and Time on Site.",Success Metrics,,,
./help/c-activities/r-success-metrics/click-tracking.md,What is Click Tracking?,Learn how Adobe Target lets you track clicks on any element as a success metric.,Success Metrics,,,
./help/c-activities/r-success-metrics/capture-score.md,What Is the Capture Score metric?,Learn about the Capture Score engagement metric in Adobe Target that calculates an aggregated score based on the value assigned to pages visited on the site.,Success Metrics,,,
./help/c-activities/change-log.md,How Can I See an Activities Change Log?,Access an activity's change log in Adobe Target to view a record of who changed your activities and when the changes occurred.,Activities,,,
./help/c-activities/c-troubleshooting-activities/troubleshooting-activities.md,How Can I Troubleshoot Activities?,Find troubleshooting suggestions should your Adobe Target activity not appear on your site.,Activities,,,
./help/c-activities/c-troubleshooting-activities/content-trouble.md,How Can I Troubleshoot Content Delivery?,Find suggestions to help remedy issues if your page does not display the expected content. Learn how to debug content delivery in Adobe Target.,Activities,,,
./help/c-activities/c-activity-qa/activity-qa.md,How Do I QA Activities?,"Learn how to use Adobe Target QA URLs to perform easy end-to-end activity QA with preview links that never change, optional audience targeting, and QA reporting that stays segmented from live activity data.",Activities,,,
./help/c-activities/c-activity-qa/activity-qa-bookmark.md,How Do I use the Activity QA Bookmarklet?,Learn how to use the Adobe Target QA bookmarklet to force Target to release you from QA mode.,Activities,,,
./help/c-activities/c-activity-qa/use-qa-mode-with-server-side-delivery.md,Use Can I Perform Activity QA with Server-Side Delivery?,"Learn how to use Adobe Target QA URLs with server-side delivery to perform easy end-to-end activity QA with preview links that never change, optional audience targeting, and QA reporting that stays segmented from live activity data.",Activities,,,
./help/c-target/target.md,How Can I Use Audiences to Target Different Content to Specific Segments?,Learn how to use audiences in Adobe Target to target different content and experiences to specific audiences to optimize your web marketing efforts.,Audiences,,,
./help/c-target/c-audiences/audiences.md,How Do I Use the Audience List?,Learn how to use the Audiences page in Adobe Target and how to view Audience Definition cards that contain audience details and usage information.,Audiences,,,
./help/c-target/c-audiences/create-audience.md,How Do I Build Audiences?,Learn how to create customized audiences and save them to the Adobe Target Audiences library for use in your activities.,Audiences,,,
./help/c-target/c-audiences/c-target-rules/target-rules.md,What Are the Categories for Audiences?,"Learn how to use categories (such as Browser, Geo, Network, Operating System, Visitor Profile) to target content.",Audiences,,,
./help/c-target/c-audiences/c-target-rules/browser.md,Can I Target Visitors Based on Browser Type?,Learn how to create audiences in Adobe Target to target users who use a specific browser or specific browser options when they visit your page.,Audiences,,,
./help/c-target/c-audiences/c-target-rules/custom-parameters.md,Can I Target Visitors Based on Custom Parameters?,Learn how to pass custom parameters to Adobe Target for use in audiences.,Audiences,,,
./help/c-target/c-audiences/c-target-rules/geo.md,Can I Target Visitors Based Location?,"Learn how to create Adobe Target audiences to target users based on their geographical location, including their country, city, zip/postal code, and more.",Audiences,,,
./help/c-target/c-audiences/c-target-rules/network.md,Can I Target Visitors Based on Network Options?,"Learn how to create audiences in Adobe Target based on network details such as ISP, Domain Name, and Connection Speed.",Audiences,,,
./help/c-target/c-audiences/c-target-rules/mobile.md,Can I Target Visitors Based on Mobile Options?,"Learn how to create audiences in Adobe Target to target mobile devices based on parameters such as mobile device, type of device, device vendor, screen dimensions (by pixels), and more.",Audiences,,,
./help/c-target/c-audiences/c-target-rules/operating-system.md,Can I Target Visitors Based on Operating System?,"Learn how to target visitors who use a certain operating system (Linux, Macintosh, or Windows).",Audiences,,,
./help/c-target/c-audiences/c-target-rules/site-pages.md,Can I Target Visitors Based on Site Pages?,Learn how to target visitors using Adobe Target who are on a specific page on your site.,Audiences,,,
./help/c-target/c-audiences/c-target-rules/target-library.md,Can I Target Visitors Based on Pre-built Targeting Rules?,Learn about targeting visitors using pre-built legacy audiences. Best practice is to use the newer audience categories for improved performance.,Audiences,,,
./help/c-target/c-audiences/c-target-rules/time-frame.md,Can I Target Visitors Who Visit My Site at Specific Times?,Learn how to use start/end dates and times to target users who visit your site during a specific time frame. You can also set Week and Day Parting options.,Audiences,,,
./help/c-target/c-audiences/c-target-rules/traffic-sources.md,Can I Target Visitors Based on Search Engine or Referring Site?,Learn how to create audiences in Adobe Target to target visitors based on the search engine or landing page that refers them to your site.,Audiences,,,
./help/c-target/c-audiences/c-target-rules/visitor-profile.md,Can I Target Visitors Who Meet Specific Profile Parameters?,"Learn how to create audiences in Adobe Target to target visitors who meet specific profile parameters such as new or returning visitor, category affinity, and more.",Audiences,,,
./help/c-target/c-audiences/creating-a-profile-attribute-comparison-audience.md,Can I Compare Two Profile Attributes for Use in Audiences?,Learn how to define an audience to compare two profile attributes for your Target Audience library or in an activity-only audience.,Audiences,,,
./help/c-target/combining-multiple-audiences.md,Can I Combine Multiple Audiences to Create a New Audience?,Learn how to combine multiple audiences (including Adobe Experience Cloud audiences and Target audiences) on the fly to create ad hoc audiences.,Audiences,,,
./help/c-target/creating-activity-only-audience.md,Can I Create an Audience to Use Only Once?,Learn how to create activity-only audiences in Adobe Target that are for one-time use in the current activity and not stored in the Audiences Library.,Audiences,,,
./help/c-target/managing-audience-filters.md,Can I Use Audience Filters for Reporting?,Learn how to use audience filters in Adobe Target to view data from groups of visitors who share a specific characteristic or set of characteristics.,Audiences,,,
./help/c-target/apply-reporting-audience-success-metric.md,Can I Apply a Reporting Audience To A Success Metric?,Learn how to choose a success metric in Adobe Target that qualifies the user for the reporting audience.,Success Metrics,,,
./help/c-target/c-visitor-profile/visitor-profile.md,What Are Visitor Profiles?,Learn more about visitor profiles that contain information about how your visitors use your pages and other optimized content locations.,Audiences,,,
./help/c-target/c-visitor-profile/visitor-profile-lifetime.md,What Is the Visitor Profile Lifetime and Can I Extend It?,"Learn more about when a visitor profile expires (by default, 14 days) in Adobe Target. The profile lifetime can be extended by contacting Adobe Client Care.",Audiences,,,
./help/c-target/c-visitor-profile/profile-parameters.md,What Are Profile Attributes?,Learn about visitor-specific attributes that are stored in the visitor's profile to provide information about that can be used in your Adobe Target activities.,Audiences,,,
help/c-target/c-visitor-profile/use-profile-scripts-to-test-mutually-exclusive-activities.md,Can I Use Profile Scripts to Test Mutually Exclusive Activities?,Learn how to use profile attributes to set up tests in Adobe Target that compare multiple activities but do not let the same visitors participate in each activity.,Audiences,,,
./help/c-target/c-visitor-profile/category-affinity.md,What Is Category Affinity?,Learn about category affinity in Adobe Target that automatically captures categories a user visits and then calculates the user's affinity for the category so it can be targeted and segmented on.,Audiences,,,
./help/c-target/c-visitor-profile/working-with-customer-attributes.md,What Are Customer Attributes and How Do I Use Them?,Learn how to use enterprise customer data from a customer relationship management (CRM) database for content targeting in Adobe Target.,Audiences,,,
./help/c-target/c-visitor-profile/3rd-party-id.md,How Do I Use Real-Time Profile Syncing for mbox3rdPartyId?,"Learn how to use the mbox3rdPartyId, which is your organization's visitor ID, such as membership ID or your organization's loyalty program.",Audiences,,,
./help/c-target/c-visitor-profile/variables-profiles-parameters-methods.md,"Which Profiles, Variables, and Parameters Are Used in Target?","View a list of various profiles, variables, and parameters that are useful in profile scripts in Adobe Target.",Audiences,,,
./help/c-target/c-troubleshooting-targets-and-audiences/troubleshooting-targets-and-audiences.md,Where Can I Find Questions and Answers about Targets and Audiences?,View frequently asked questions (FAQs) about experience targeting and audiences used in Adobe Target activities.,Audiences,,,
./help/c-target/c-troubleshooting-targets-and-audiences/a4t-faq-sharing-metrics-audiences-reports.md,"Can I Share Metrics, Audiences, and Reports  Using A4T?","Read answers to questions that are frequently asked about sharing metrics, audiences, and reports when using Analytics for Target (A4T).",Analytics for Target (A4T),,,
./help/c-experiences/experiences.md,Which Experience Composers Does Target Offer?,"Learn more about the Adobe Experience Composers: Visual Experience Composer (VEC), Form-Based Experience Composer, and the Single Page Visual Experience Composer.",Experiences and Offers,,,
./help/c-experiences/c-visual-experience-composer/visual-experience-composer.md,How Do I Use the Visual Experience Composer (VEC)?,Learn the basics of using the Visual Experience Composer (VEC) in Adobe Target. The VEC is a WYSIWYG editor that lets you easily create personalized experiences.,Visual Experience Composer (VEC),,,
./help/c-experiences/c-visual-experience-composer/viztarget-options.md,How Do I Use the Visual Experience Composer (VEC) Options?,Explore the options available in Adobe Target's Visual Experience Composer (VEC). Simply click an element to see which options are available for that element.,Visual Experience Composer (VEC),,,
./help/c-experiences/c-visual-experience-composer/temtest.md,Can I Include the Same Experience on Similar Pages?,Learn how to use the Adobe Target Visual Experience Composer (VEC) to include the same experience on multiple pages that are similarly structured or contain the same template elements.,Experiences and Offers,,,
./help/c-experiences/c-visual-experience-composer/multipage-activity.md,How Do I Create a Multipage Activity?,"Learn how to create a multipage activity in Adobe Target lets you create a story over multiple pages, with a design that is specific to each page.",Visual Experience Composer (VEC),,,
./help/c-experiences/c-visual-experience-composer/activity-collisions.md,How Can I Avoid Activity Collisions?,Collisions occur when multiple activities are set up to deliver content to the same page. Learn how to avoid collisions when using Adobe Target.,Visual Experience Composer (VEC),,,
./help/c-experiences/c-visual-experience-composer/c-vec-code-editor/vec-code-editor.md,What Modifications Can I Make to My Page?,"Learn how to use the Modifications panel in Adobe Target to view page modifications and to add additional modifications (CSS Selector, Mbox, and Custom Code).",Visual Experience Composer (VEC),,,
./help/c-experiences/c-visual-experience-composer/c-vec-code-editor/experience-templates.md,Which Experience Templates Are Avaialble in Target?,"Learn how to use Experience Templates, which are pre-coded samples with configurable inputs to be used to execute common marketer use-cases in Adobe Target.",Visual Experience Composer (VEC),,,
./help/c-experiences/c-visual-experience-composer/vec-selectors.md,Can I Use Element Selectors in the Visual Experience Composer (VEC)?,An element selector is a CSS expression that can identify one or more elements. Learn how to use element selectors in the Adobe Target Visual Experience Composer (VEC). ,Visual Experience Composer (VEC),,,
./help/c-experiences/c-visual-experience-composer/mobile-viewports.md,How Do I Use Mobile Viewports for Responsive Experiences?,Mobile viewports help you see how your Adobe Target activities look on screens of various sizes. Find a list of popular device viewport sizes and resolutions.,Visual Experience Composer (VEC),,,
./help/c-experiences/c-visual-experience-composer/experience-composer-best-practices.md,What Are Visual Experience Composer Best Practices and Limitations?,Learn best practices to make your experiences work as expected when using the Visual Experience Composer (VEC) in Adobe Target.,Visual Experience Composer (VEC),,,
./help/c-experiences/c-visual-experience-composer/r-troubleshoot-composer/troubleshoot-composer.md,How Do I Troubleshooti the Visual Experience Composer and Enhanced Experience Composer?,Learn how to troubleshoot problems that sometimes occur in the Visual Experience Composer (VEC) and the Enhanced Experience Composer (EEC) under certain conditions.,Visual Experience Composer (VEC),,,
./help/c-experiences/c-visual-experience-composer/r-troubleshoot-composer/issues-related-to-the-visual-experience-composer-vec-and-enhanced-experience-composer-eec.md,How Do I Troubleshoot Issues Related to the Visual Experience Composer and Enhanced Experience Composer?,Learn how to troubleshoot problems that sometimes occur in the Adobe Target Visual Experience Composer (VEC) and the Enhanced Experience Composer (EEC) under certain conditions.,Visual Experience Composer (VEC),,,
./help/c-experiences/c-visual-experience-composer/r-troubleshoot-composer/troubleshooting-issues-related-to-the-visual-experience-composer-vec.md,How Do I Troubleshoot Issues Related to the Visual Experience Composer?,Learn how to troubleshoot problems that sometimes occur in the Adobe Target Visual Experience Composer (VEC) under certain conditions.,Visual Experience Composer (VEC),,,
./help/c-experiences/c-visual-experience-composer/r-troubleshoot-composer/troubleshooting-issues-related-to-the-enhanced-experience-composer-eec.md,How Do I Troubleshoot Issues Related to the Enhanced Experience Composer?,Learn how to troubleshoot problems that sometimes occur in the Adobe Target Enhanced Experience Composer (EEC) under certain conditions.,Visual Experience Composer (VEC),,,
./help/c-experiences/c-visual-experience-composer/r-troubleshoot-composer/mixed-content.md,How Do I Enable Mixed Content in My Browser?,"Some browsers block the display of a page if secure content is mixed with insecure content. Learn how to enable mixed content in Chrome, Firefox, and Edge.",Visual Experience Composer (VEC),,,
./help/c-experiences/c-visual-experience-composer/r-troubleshoot-composer/vec-scenarios.md,What Are Some Common Page Modification Scenarios?,Explore common scenarios that show how changes made to your page in the Visual Experience Composer (VEC) affect Adobe Target's ability to display an experience.,Visual Experience Composer (VEC),,,
help/c-experiences/c-visual-experience-composer/r-troubleshoot-composer/vec-helper-browser-extension.md,How Do I Use the Visual Experience Composer (VEC) Helper Extension?,Discover why some websites might not open reliably in the Visual Experience Composer (VEC). The VEC Helper browser extension lets you load websites reliably within the VEC.,Visual Experience Composer (VEC),,,
./help/c-experiences/c-visual-experience-composer/redirect-offer.md,Can I Redirect a Page to a Different URL?,Learn how to use the Redirect to URL option in Adobe Target when you want to send the visitor to a different page rather than showing content on the same page.,Visual Experience Composer (VEC),,,
./help/c-experiences/c-visual-experience-composer/vec-carousels.md,How Do I Create Carousels in the Visual Experience Composer?,Learn how to create a carousel that can be edited in the Adobe Target Visual Experience Composer (VEC).,Visual Experience Composer (VEC),,,
./help/c-experiences/form-experience-composer.md,How Do I Use the Form-Based Experience Composer?,Learn how to use the Adobe Target Form-Based Experience Composer for non-visual experience creation. Use this composer when the VEC is not available or not practical to use.,Form-based Experience Composer,,,
./help/c-experiences/spa-visual-experience-composer.md,How Do I Use the Single Page App Visual Experience Composer (SPA VEC)?,Learn how to use the SPA VEC in Adobe Target to create tests and personalize content on SPAs in a do-it-yourself fashion without continuous development dependencies.,Visual Experience Composer (VEC),,,
./help/c-experiences/c-manage-content/manage-content.md,How Do I Manage Code and Image Offers?,Learn how to manage code and image offers by using the Offers library in Adobe Target.,Experiences and Offers,,,
./help/c-experiences/c-manage-content/create-content-folder.md,"Learn how to create folders in the Adobe Target Offers library to hold code and image offers, as well as other folders.",How do I create folders in the Offers library?,Experiences and Offers,,,
./help/c-experiences/c-manage-content/assets-upload.md,How Do I Upload Content to the Offers Library?,Learn how to upload images to use as image offers in Adobe Target.,Experiences and Offers,,,
./help/c-experiences/c-manage-content/offer-redirect.md,How Do I Create Redirect Offers?,Learn how to create redirect offers in Adobe Target to cause a browser to redirect to a new page. ,Experiences and Offers,,,
./help/c-experiences/c-manage-content/about-remote-offers.md,How Do I Create Remote Offers?,Learn how to use remote offers in Adobe Target to host outside content (content in a CMS or other system). Discover why you might want to use remote offers.,Experiences and Offers,,,
./help/c-experiences/c-manage-content/create-json-offer.md,How Do I Create JSON Offers?,Learn how to create JSON offers in Adobe Target for use in the Form-based Experience Composer. JSON offers are useful for SPA frameworks or server-side integrations.,Experiences and Offers,,,
./help/c-experiences/c-manage-content/assets-working.md,How Do I Work with Content in the Offers Library?,"Learn how to manage code and image offers in the Adobe Target Offers library. Learn how to view an offer's details and how to edit, copy, move, or delete offers.",Experiences and Offers,,,
./help/c-experiences/c-manage-content/filter-and-search-content.md,How Do I Search for Content in the Offers Library?,Learn how to search for code and image offers in the Adobe Target Offers library.,Experiences and Offers,,,
./help/c-experiences/c-manage-content/passing-profile-attributes-to-the-html-offer.md,How Do I Pass Dynamic Data into Offers?,Learn how to pass dynamic data into Adobe Target Offers. Explore business cases that show why you might want to use dynamic offers and view examples and implementation information.,Experiences and Offers,,,
./help/c-experiences/c-manage-content/aem-experience-fragments.md,How Do I Use Adobe Experience Manager (AEM) Experience Fragments?,Learn how to use AEM experience fragments in Adobe Target activities. Combine the ease-of-use and power of AEM with powerful AI and ML capabilities in Target.,Experiences and Offers,,,
./help/c-reports/reports.md,How Do I View Reports?,Learn how to use the reporting features in Adobe Target to examine the performance of your activities. Make better decisions based on your data to increase ROI.,Reports,,,
./help/c-reports/c-report-settings/report-settings.md,How Do I Configure Report Settings?,"Learn how to configure report settings in Adobe Target, including metrics, audiences, date ranges,  and more.",Reports,,,
./help/c-reports/c-report-settings/average-lift-bounds-and-confidence-interval.md,"How Do I View Average Lift, Lift Bounds, and Confidence Interval?","Learn how to interpret Adobe Target reports, that include data points and visualization representations to help you understand the lift bounds and confidence level of your activities.",Reports,,,
./help/c-reports/c-report-settings/view-multiple-metrics.md,How Do I View Multiple Metrics in a Report?,Learn how to select multiple metrics to view in a report using Adobe Target.,Reports,,,
./help/c-reports/c-report-settings/excluding-extreme-orders.md,How Do I Exclude Extreme Values in Reports?,Learn how to exclude extreme values from affecting reports in Adobe Target so a few unusual orders don't affect your activity results.,Reports,,,
./help/c-reports/auto-target-summary-report.md,How Do I Use the Auto-Target Summary Report?,Learn how to interpret the Auto-Target Summary report in Adobe Target. You can switch to the Automated Segments and Important Attributes reports from this report.,Reports,,,
./help/c-reports/reports-ap.md,How Do I Use the Automated Personalization Summary Reports?,Learn how to interpret the Automated Personalization Summary report in Adobe Target. You can switch to the Automated Segments and Important Attributes reports from this report.,Reports,,,
./help/c-reports/c-personalization-insights-reports/personalization-insights-reports.md,How Do I Use the Personalization Insights Reports?,Learn how to use the specialized reports for Automated Personalization (AP) and Auto-Target (AT) activities: Automated Segments and Important Attributes.,Reports,,,
./help/c-reports/c-personalization-insights-reports/automated-segments-report.md,What Is the Automated Segments Report?,Learn how different segments defined by Adobe Target personalization models respond to offers/experiences in the activity by viewing the Automated Segments report.,Reports,,,
./help/c-reports/c-personalization-insights-reports/important-attributes-report.md,What Is the Important Attributes Report?,Learn how to use the Important Attributes report in Adobe Target that shows the top attributes that influenced the personalization model and their relative importance.,Reports,,,
./help/c-reports/offer-reporting-groups-in-automated-personalization.md,Can I Use Offer Reporting Groups in Automated Personalization Activities?,"Learn how to use offer reporting groups in Adobe Target Automated Personalization activities. Using reporting groups, Target creates only one personalization model for each reporting group.",Reports,,,
./help/c-reports/experience-performance-report.md,How Do I Use the Experience Performance Report for Multivariate Tests?,Learn how to use the Experience Performance report for Adobe Target Experience Targeting activities that show how each experience in the activity performs.,Reports,,,
./help/c-reports/location-contribution-report.md,How Do I Use the Location Contribution Report for Multivariate Tests?,Learn how to use the Location Contribution report for Adobe Target Experience Targeting activities that shows the performance of each element and each offer.,Reports,,,
./help/c-reports/analytics-for-target-a4t-reporting.md,How Do I Use Analytics for Target (A4T) Reporting?,Learn how to use Analytics for Target (A4T). The A4T integration gives you access to robust Adobe Analytics reports for your Adobe Target activities.,Analytics for Target (A4T),,,
./help/c-reports/conversion-rate.md,"How Do I View the Conversion Rate, Lift, and Confidence Level?","Learn how Adobe Target shows and calculates the conversion rate, lift, confidence (statistical significance), and confidence interval for each experience.",Reports,,,
./help/c-reports/downloading-data-in-csv-file.md,How Do I Download Report Data In A CSV File?,"Learn how to download data from Adobe Target activities in a CVS format for quick import into Excel, Access, or other data analysis programs.",Reports,,,
./help/c-reports/reporting-frequently-asked-questions.md,Where Can I Find Answers to Questions About Target Reporting?,Explore a list of frequently asked questions and answers about Adobe Target reporting.,Reports,,,
./help/c-recommendations/recommendations.md,What is Target Recommendations?,Learn about Recommendations activities in Adobe Target that automatically display content that might interest your customers based on previous user activity or other algorithms.,Recommendations,,,
./help/c-recommendations/introduction-to-recommendations.md,What Are Recommendations Activities?,Learn about Recommendations activities in Adobe Target that automatically display content that might interest your customers based on previous user activity or other algorithms.,Recommendations,,,
./help/c-recommendations/plan-implement.md,How Do I Implement Recommendations Activities?,Learn how to implement Recommendations activities in Adobe Target. Ensure that your implementation meets the necessary prerequisite requirements. ,Recommendations,,,
./help/c-recommendations/c-products/products.md,How Do I use Entities?,"Learn about entities in Adobe Target Recommendations. Entities refer to the items you want to recommend using Target, such as articles, movies, or products.",Recommendations,,,
./help/c-recommendations/c-products/entity-attributes.md,How Do I Use Entity Attributes?,Learn how to use entity attributes to pass product or content information to Adobe Target Recommendations.,Recommendations,,,
./help/c-recommendations/c-products/custom-entity-attributes.md,How Do I Use Custom Entity Attributes?,Learn how to use single- and multi-value custom entity attributes to define additional information about items in your Adobe Target Recommendations catalog.,Recommendations,,,
./help/c-recommendations/c-products/feeds.md,How Do I Use Feeds in Target Recommendations?,"Learn how feeds import entities into Adobe Target Recommendations using CSV files, the Google Product Search feed format, and Analytics product classifications.",Recommendations,,,
./help/c-recommendations/c-products/catalog-search.md,How Do I Use the Recommendations Catalog Search?,"Learn how to use the Recommendations Catalog Search to locate products or content, create collections or exclusions, remove items from your catalog, and more.",Recommendations,,,
./help/c-recommendations/c-products/collections.md,How Do I Use Collections in Recommendations Activities?,Learn how to use collections in Adobe Target Recommendations. A collection is a set of products or items that are eligible for a recommendation.,Recommendations,,,
./help/c-recommendations/c-products/exclusions.md,How Do I Use Exclusions in Recommendations Activities?,Learn how to create exclusions in Adobe Target Recommendations to prevent products or content from being recommended to visitors.,Recommendations,,,
./help/c-recommendations/c-algorithms/algorithms.md,How Do I Use Criteria in Target Recommendations?,Learn how to use criteria in Adobe Target Recommendations. Criteria are rules that determine which content to recommend based on a predetermined set of visitor behaviors.,Recommendations,,,
./help/c-recommendations/c-algorithms/create-new-algorithm.md,How Do I Create Criteria in Recommendations?,Learn how to create criteria that controls the content of your Adobe Recommendations activities to show the recommendations that are most appropriate for your activity.,Recommendations,,,
./help/c-recommendations/c-algorithms/create-criteria-sequence.md,How Do I Create Criteria Sequences in Recommendations?,Learn how to set sequences of up to five criteria to exercise greater control of the items that appear in your Adobe Target Recommendations activities.,Recommendations,,,
help/c-recommendations/c-algorithms/base-the-recommendation-on-a-recommendation-key.md,How Do I Base the Recommendation on a Recommendation Key?,Learn how to use recommendations based on keys that use visitor behavior context to show relevant results in Adobe Target Recommendations activities.,Recommendations,,,
./help/c-recommendations/c-algorithms/recommendations-csv.md,How Do I Upload Custom Criteria in Recommendations?,Learn how to upload a CSV file to customize your recommendations in Adobe Target Recommendations.,Recommendations,,,
./help/c-recommendations/c-algorithms/use-dynamic-and-static-inclusion-rules.md,How Do I Use Dynamic and Static Inclusion Rules in Recommendations?,Learn how to create inclusion rules in Adobe Target Recommendations for criteria and promotions. Add additional dynamic or static filtering rules to achieve better results.,Recommendations,,,
help/c-recommendations/c-algorithms/entity-attribute-matching.md,How Do I Filter by Entity Attribute Matching In Recommendations Activities?,Learn how to filter dynamically in Adobe Target Recommendations by comparing a pool of potential items to a specific item that the user has interacted with.,Recommendations,,,
help/c-recommendations/c-algorithms/profile-attribute-matching.md,How Do I Filter by Profile Attribute Matching In Recommendations Activities?,Learn how to filter dynamically in Adobe Target Recommendations by comparing items (entities) against a value in the user's profile.,Recommendations,,,
help/c-recommendations/c-algorithms/parameter-matching.md,How Do I Filter by Parameter Matching In Recommendations Activities?,Learn how to filter dynamically in Adobe Target Recommendations by comparing items (entities) against a value in the request (API or mbox).,Recommendations,,,
help/c-recommendations/c-algorithms/static-value.md,How Do I Filter By Static Values In Recommendations Activities?,Learn how to manually enter one or more static values to filter using inclusion rules in Adobe Target Recommendations.,Recommendations,,,
./help/c-recommendations/c-algorithms/backup-recs.md,How Do I Use a Backup Recommendation in Recommendations?,Learn how to use backup recommendations in Adobe Target Recommendations. Recommendation that do not have enough recommended items displays the results of the backup algorithm.,Recommendations,,,
help/c-recommendations/c-algorithms/work-with-multi-value-attributes.md,Can I Use Multi-Value Attributes in Recommendations?,"Learn how to work with a multi-value field in Adobe Target Recommendations using special multi-value operators, for example, when recommending movies with multiple actors.",Recommendations,,,
help/c-recommendations/c-algorithms/use-adobe-analytics-with-recommendations.md,How Do I Use Adobe Analytics with Target Recommendations?,Learn how to use Adobe Analytics as the behavioral data source to use the view-based and/or purchase-based behavioral data from Analytics in Target Recommendations.,Recommendations,,,
./help/c-recommendations/c-design-overview/design-overview.md,How Do I Use Designs in Recommendations?,"Learn how to use designs in Adobe Target Recommendations to define how recommendations appear on a page (1X4, 1X6, 2X2, and so forth).",Recommendations,,,
./help/c-recommendations/c-design-overview/create-design.md,How Do I Create a Design in Recommendations?,Learn how to create an Adobe Target Recommendations design using a default design or by creating a custom design to best fit the layout of your page.,Recommendations,,,
./help/c-recommendations/c-design-overview/template-faq.md,Where Can I Answers to Design Questions for Target Recommendations?,Review a list of frequently asked questions (FAQs) and their answers about Adobe Target Recommendations designs.,Recommendations,,,
./help/c-recommendations/c-design-overview/customizing-a-template.md,How Do I Customize a Design Using Velocity?,Learn how to use the open-source Velocity design language to customize recommendation designs in Adobe Target Recommendations.,Recommendations,,,
./help/c-recommendations/t-create-recs-activity/create-recs-activity.md,How Do I Create a Recommendations Activity?,Learn how to use the Adobe Target Visual Experience Composer (VEC) to create a Recommendations activity directly on a Target-enabled page.,Recommendations,,,
./help/c-recommendations/t-create-recs-activity/algo-select-recs.md,How Do I Select Criteria for A Recommendations Activity?,Learn how to select the criteria (rules that determine which products or content to recommend) to use in your Adobe Target Recommendations activity.,Recommendations,,,
./help/c-recommendations/t-create-recs-activity/adding-promotions.md,How Do I Add Promotions in Recommendations Designs?,Learn how to add promoted items and control their placement in your Adobe Target Recommendations designs. You can add static and dynamic promotions.,Recommendations,,,
./help/c-recommendations/t-create-recs-activity/recs-activity-settings.md,How Do I Configure Recommendations Activity Settings?,Learn how to configure the settings used to describe and control a Recommendations activity in Adobe Target.,Recommendations,,,
help/c-recommendations/t-create-recs-activity/previewing-and-launching-your-recommendations-activity.md,How Do I Preview and Launch a Recommendations Activity?,Learn how to preview your Adobe Target Recommendations activity to ensure results are available before launching the activity. ,Recommendations,,,
./help/c-recommendations/recommendations-as-an-offer.md,How Do I Use Recommendations as an Offer in Other Activity Types?,Learn how to use Adobe Recommendations as an offer in A/B Tests (including Auto-Allocate and Auto-Target) and Experience Targeting (XT) activities.,Recommendations,,,
./help/c-recommendations/c-recommendations-faq/recommendations-faq.md,Where Can I find Questions and Answers about Target Recommendations?,View a list of frequently asked questions and answers about Adobe Target Recommendations activities.,Recommendations,,,
./help/c-recommendations/c-recommendations-faq/integrating-recs-email.md,How Do I Integrate Recommendations with Email?,"Learn how to integrate email with Adobe Target Recommendations, including using the Target Delivery API, rawbox templates, and down-load only templates.",Recommendations,,,
./help/c-recommendations/c-recommendations-faq/ip-addresses-marketing-cloud.md,What IP Addresses Do Recommendations Feed-Processing Servers Use?,View a list of IP addresses used in Target Recommendations feed-processing servers to help you configure your firewall to allow IP addresses originating from Adobe servers.,Recommendations,,,
./help/c-recommendations/c-recommendations-faq/recommendations-classic-versus-recommendations-activities-target-premium.md,What is the Difference Between Recommendations Classic and Recommendations in Target Premium?,Review information to help you understand the differences between the legacy Recommendations Classic and Recommendations activities in Target Premium.,Recommendations,,,
help/c-recommendations/recommendations-classic-documentaton.md,Where Can I Find Documentation for Adobe Recommendations Classic?,Download a PDF of the legacy Adobe Recommendations Classic documentation.,Recommendations,,,
./help/r-troubleshooting-target/troubleshooting-target.md,How do I Troubleshoot Target?,"Review a list of topics to help you resolve issues in Adobe Target, including troubleshooting topics, frequently asked questions (FAQs), and other helpful topics.",Troubleshooting,,,
./help/r-troubleshooting-target/target-limits.md,"Review a list of character limits and other limits (offer size, audiences, profiles, values, parameters, etc.) that affect activities and other elements in Adobe Target.","View a list of character limits and other limits (offer size, audiences, profiles, values, parameters, etc.) that affect activities and other elements in Adobe Target.",Troubleshooting,,,
help/api/api-overview.md,Where Can I Find Target API and SDK Documentation?,"Find Adobe Target APIs, including the Admin, Delivery, Reporting, and Profile APIs.",APIs/SDKs,,,
./help/cmp-resources-and-contact-information.md,Where Can I Find Resources and Contact Information for Target?,Learn about additional resources to help you learn about Adobe Target features and how to contact Adobe should you need help with Target.,"Release Notes,Overview",,,